<?xml version="1.0" encoding="utf-8"?>
<!--/362353/1023139/2.49/32/4/Connector/-->
<quadcept_library>
  <setting unit="mil" />
  <textstyle name="Default" height="47.244094488189" strokewidth="7.8740157480315" charwidth="47.244094488189" />
  <textstyle name="Dimension" height="19.6850393700787" strokewidth="0" charwidth="19.6850393700787" />
  <textstyle name="H127W0635TH00762" height="50" strokewidth="3" charwidth="25" />
  <textstyle name="H15W15TH02" height="59.0551181102362" strokewidth="7.8740157480315" charwidth="59.0551181102362" />
  <padstyle name="r100_30" surface="True" plated="False" isvia="False" nopaste="False" nomask="True" complex="False" holesize="0">
    <padshape layer="TOP" shape="rectangle" width="11.811023622047" height="39.370078740157" />
    <padshape layer="TOP_SOLDER_MASK" shape="rectangle" width="19.685039370078" height="47.244094488188" />
    <padshape layer="TOP_SOLDER_PASTE" shape="rectangle" width="11.811023622047" height="39.370078740157" />
  </padstyle>
  <padstyle name="r200_130" surface="True" plated="False" isvia="False" nopaste="False" nomask="True" complex="False" holesize="0">
    <padshape layer="TOP" shape="rectangle" width="51.181102362204" height="78.740157480314" />
    <padshape layer="TOP_SOLDER_MASK" shape="rectangle" width="59.055118110235" height="86.614173228345" />
    <padshape layer="TOP_SOLDER_PASTE" shape="rectangle" width="51.181102362204" height="78.740157480314" />
  </padstyle>
  <footprint name="5027903091" originx="0" originy="0" pickpointx="0" pickpointy="0">
    <pcbpin number="1" name="1" style="r100_30" originx="-285.43307086614" originy="98.425196850392" rotation="0" />
    <pcbpin number="2" name="2" style="r100_30" originx="-265.74803149606" originy="98.425196850392" rotation="0" />
    <pcbpin number="3" name="3" style="r100_30" originx="-246.06299212598" originy="98.425196850392" rotation="0" />
    <pcbpin number="4" name="4" style="r100_30" originx="-226.3779527559" originy="98.425196850392" rotation="0" />
    <pcbpin number="5" name="5" style="r100_30" originx="-206.69291338582" originy="98.425196850392" rotation="0" />
    <pcbpin number="6" name="6" style="r100_30" originx="-187.00787401575" originy="98.425196850392" rotation="0" />
    <pcbpin number="7" name="7" style="r100_30" originx="-167.32283464567" originy="98.425196850392" rotation="0" />
    <pcbpin number="8" name="8" style="r100_30" originx="-147.63779527559" originy="98.425196850392" rotation="0" />
    <pcbpin number="9" name="9" style="r100_30" originx="-127.95275590551" originy="98.425196850392" rotation="0" />
    <pcbpin number="10" name="10" style="r100_30" originx="-108.26771653543" originy="98.425196850392" rotation="0" />
    <pcbpin number="11" name="11" style="r100_30" originx="-88.582677165353" originy="98.425196850392" rotation="0" />
    <pcbpin number="12" name="12" style="r100_30" originx="-68.897637795275" originy="98.425196850392" rotation="0" />
    <pcbpin number="13" name="13" style="r100_30" originx="-49.212598425196" originy="98.425196850392" rotation="0" />
    <pcbpin number="14" name="14" style="r100_30" originx="-29.527559055118" originy="98.425196850392" rotation="0" />
    <pcbpin number="15" name="15" style="r100_30" originx="-9.8425196850392" originy="98.425196850392" rotation="0" />
    <pcbpin number="16" name="16" style="r100_30" originx="9.8425196850392" originy="98.425196850392" rotation="0" />
    <pcbpin number="17" name="17" style="r100_30" originx="29.527559055118" originy="98.425196850392" rotation="0" />
    <pcbpin number="18" name="18" style="r100_30" originx="49.212598425196" originy="98.425196850392" rotation="0" />
    <pcbpin number="19" name="19" style="r100_30" originx="68.897637795275" originy="98.425196850392" rotation="0" />
    <pcbpin number="20" name="20" style="r100_30" originx="88.582677165353" originy="98.425196850392" rotation="0" />
    <pcbpin number="21" name="21" style="r100_30" originx="108.26771653543" originy="98.425196850392" rotation="0" />
    <pcbpin number="22" name="22" style="r100_30" originx="127.95275590551" originy="98.425196850392" rotation="0" />
    <pcbpin number="23" name="23" style="r100_30" originx="147.63779527559" originy="98.425196850392" rotation="0" />
    <pcbpin number="24" name="24" style="r100_30" originx="167.32283464567" originy="98.425196850392" rotation="0" />
    <pcbpin number="25" name="25" style="r100_30" originx="187.00787401575" originy="98.425196850392" rotation="0" />
    <pcbpin number="26" name="26" style="r100_30" originx="206.69291338582" originy="98.425196850392" rotation="0" />
    <pcbpin number="27" name="27" style="r100_30" originx="226.3779527559" originy="98.425196850392" rotation="0" />
    <pcbpin number="28" name="28" style="r100_30" originx="246.06299212598" originy="98.425196850392" rotation="0" />
    <pcbpin number="29" name="29" style="r100_30" originx="265.74803149606" originy="98.425196850392" rotation="0" />
    <pcbpin number="30" name="30" style="r100_30" originx="285.43307086614" originy="98.425196850392" rotation="0" />
    <pcbpin number="31" name="MP1" style="r200_130" originx="-375.9842519685" originy="-7.8740157480314" rotation="90" />
    <pcbpin number="32" name="MP2" style="r200_130" originx="375.9842519685" originy="-7.8740157480314" rotation="90" />
    <line layer="TOP_ASSEMBLY" originx="-387.79527559055" originy="102.36220472441" endx="387.79527559055" endy="102.36220472441" width="7.8740157480314" />
    <line layer="TOP_ASSEMBLY" originx="387.79527559055" originy="102.36220472441" endx="387.79527559055" endy="-102.36220472441" width="7.8740157480314" />
    <line layer="TOP_ASSEMBLY" originx="387.79527559055" originy="-102.36220472441" endx="-387.79527559055" endy="-102.36220472441" width="7.8740157480314" />
    <line layer="TOP_ASSEMBLY" originx="-387.79527559055" originy="-102.36220472441" endx="-387.79527559055" endy="102.36220472441" width="7.8740157480314" />
    <line layer="TOP_PLACE_BOUND" originx="-454.72440944881" originy="157.48031496063" endx="454.72440944881" endy="157.48031496063" width="3.9370078740157" />
    <line layer="TOP_PLACE_BOUND" originx="454.72440944881" originy="157.48031496063" endx="454.72440944881" endy="-141.73228346457" width="3.9370078740157" />
    <line layer="TOP_PLACE_BOUND" originx="454.72440944881" originy="-141.73228346457" endx="-454.72440944881" endy="-141.73228346457" width="3.9370078740157" />
    <line layer="TOP_PLACE_BOUND" originx="-454.72440944881" originy="-141.73228346457" endx="-454.72440944881" endy="157.48031496063" width="3.9370078740157" />
    <line layer="TOP_SILKSCREEN" originx="-387.79527559055" originy="-102.36220472441" endx="387.79527559055" endy="-102.36220472441" width="3.9370078740157" />
    <line layer="TOP_SILKSCREEN" originx="-314.96062992126" originy="102.36220472441" endx="-387.79527559055" endy="102.36220472441" width="3.9370078740157" />
    <line layer="TOP_SILKSCREEN" originx="-387.79527559055" originy="102.36220472441" endx="-387.79527559055" endy="39.370078740157" width="3.9370078740157" />
    <line layer="TOP_SILKSCREEN" originx="314.96062992126" originy="102.36220472441" endx="387.79527559055" endy="102.36220472441" width="3.9370078740157" />
    <line layer="TOP_SILKSCREEN" originx="387.79527559055" originy="102.36220472441" endx="387.79527559055" endy="39.370078740157" width="3.9370078740157" />
  </footprint>
  <symbol name="502790-3091" originx="0" originy="0">
    <line originx="200" originy="100" endx="800" endy="100" width="0" />
    <line originx="800" originy="-3000" endx="800" endy="100" width="0" />
    <line originx="800" originy="-3000" endx="200" endy="-3000" width="0" />
    <line originx="200" originy="100" endx="200" endy="-3000" width="0" />
    <sympin number="1" originx="800" originy="0" rotation="0" length="100" width="7.8740157480315" flipped="False">
      <text name="pinname" originx="770" originy="0" style="Default" rotation="0" justify="right" flipped="False" hidden="False" data="1" />
      <text name="pindes" originx="860" originy="20" style="Default" rotation="0" justify="lowerleft" flipped="False" hidden="False" data="1" />
    </sympin>
    <sympin number="2" originx="800" originy="-100" rotation="0" length="100" width="7.8740157480315" flipped="False">
      <text name="pinname" originx="770" originy="-100" style="Default" rotation="0" justify="right" flipped="False" hidden="False" data="2" />
      <text name="pindes" originx="860" originy="-80" style="Default" rotation="0" justify="lowerleft" flipped="False" hidden="False" data="2" />
    </sympin>
    <sympin number="3" originx="800" originy="-200" rotation="0" length="100" width="7.8740157480315" flipped="False">
      <text name="pinname" originx="770" originy="-200" style="Default" rotation="0" justify="right" flipped="False" hidden="False" data="3" />
      <text name="pindes" originx="860" originy="-180" style="Default" rotation="0" justify="lowerleft" flipped="False" hidden="False" data="3" />
    </sympin>
    <sympin number="4" originx="800" originy="-300" rotation="0" length="100" width="7.8740157480315" flipped="False">
      <text name="pinname" originx="770" originy="-300" style="Default" rotation="0" justify="right" flipped="False" hidden="False" data="4" />
      <text name="pindes" originx="860" originy="-280" style="Default" rotation="0" justify="lowerleft" flipped="False" hidden="False" data="4" />
    </sympin>
    <sympin number="5" originx="800" originy="-400" rotation="0" length="100" width="7.8740157480315" flipped="False">
      <text name="pinname" originx="770" originy="-400" style="Default" rotation="0" justify="right" flipped="False" hidden="False" data="5" />
      <text name="pindes" originx="860" originy="-380" style="Default" rotation="0" justify="lowerleft" flipped="False" hidden="False" data="5" />
    </sympin>
    <sympin number="6" originx="800" originy="-500" rotation="0" length="100" width="7.8740157480315" flipped="False">
      <text name="pinname" originx="770" originy="-500" style="Default" rotation="0" justify="right" flipped="False" hidden="False" data="6" />
      <text name="pindes" originx="860" originy="-480" style="Default" rotation="0" justify="lowerleft" flipped="False" hidden="False" data="6" />
    </sympin>
    <sympin number="7" originx="800" originy="-600" rotation="0" length="100" width="7.8740157480315" flipped="False">
      <text name="pinname" originx="770" originy="-600" style="Default" rotation="0" justify="right" flipped="False" hidden="False" data="7" />
      <text name="pindes" originx="860" originy="-580" style="Default" rotation="0" justify="lowerleft" flipped="False" hidden="False" data="7" />
    </sympin>
    <sympin number="8" originx="800" originy="-700" rotation="0" length="100" width="7.8740157480315" flipped="False">
      <text name="pinname" originx="770" originy="-700" style="Default" rotation="0" justify="right" flipped="False" hidden="False" data="8" />
      <text name="pindes" originx="860" originy="-680" style="Default" rotation="0" justify="lowerleft" flipped="False" hidden="False" data="8" />
    </sympin>
    <sympin number="9" originx="800" originy="-800" rotation="0" length="100" width="7.8740157480315" flipped="False">
      <text name="pinname" originx="770" originy="-800" style="Default" rotation="0" justify="right" flipped="False" hidden="False" data="9" />
      <text name="pindes" originx="860" originy="-780" style="Default" rotation="0" justify="lowerleft" flipped="False" hidden="False" data="9" />
    </sympin>
    <sympin number="10" originx="800" originy="-900" rotation="0" length="100" width="7.8740157480315" flipped="False">
      <text name="pinname" originx="770" originy="-900" style="Default" rotation="0" justify="right" flipped="False" hidden="False" data="10" />
      <text name="pindes" originx="860" originy="-880" style="Default" rotation="0" justify="lowerleft" flipped="False" hidden="False" data="10" />
    </sympin>
    <sympin number="11" originx="800" originy="-1000" rotation="0" length="100" width="7.8740157480315" flipped="False">
      <text name="pinname" originx="770" originy="-1000" style="Default" rotation="0" justify="right" flipped="False" hidden="False" data="11" />
      <text name="pindes" originx="860" originy="-980" style="Default" rotation="0" justify="lowerleft" flipped="False" hidden="False" data="11" />
    </sympin>
    <sympin number="12" originx="800" originy="-1100" rotation="0" length="100" width="7.8740157480315" flipped="False">
      <text name="pinname" originx="770" originy="-1100" style="Default" rotation="0" justify="right" flipped="False" hidden="False" data="12" />
      <text name="pindes" originx="860" originy="-1080" style="Default" rotation="0" justify="lowerleft" flipped="False" hidden="False" data="12" />
    </sympin>
    <sympin number="13" originx="800" originy="-1200" rotation="0" length="100" width="7.8740157480315" flipped="False">
      <text name="pinname" originx="770" originy="-1200" style="Default" rotation="0" justify="right" flipped="False" hidden="False" data="13" />
      <text name="pindes" originx="860" originy="-1180" style="Default" rotation="0" justify="lowerleft" flipped="False" hidden="False" data="13" />
    </sympin>
    <sympin number="14" originx="800" originy="-1300" rotation="0" length="100" width="7.8740157480315" flipped="False">
      <text name="pinname" originx="770" originy="-1300" style="Default" rotation="0" justify="right" flipped="False" hidden="False" data="14" />
      <text name="pindes" originx="860" originy="-1280" style="Default" rotation="0" justify="lowerleft" flipped="False" hidden="False" data="14" />
    </sympin>
    <sympin number="15" originx="800" originy="-1400" rotation="0" length="100" width="7.8740157480315" flipped="False">
      <text name="pinname" originx="770" originy="-1400" style="Default" rotation="0" justify="right" flipped="False" hidden="False" data="15" />
      <text name="pindes" originx="860" originy="-1380" style="Default" rotation="0" justify="lowerleft" flipped="False" hidden="False" data="15" />
    </sympin>
    <sympin number="16" originx="800" originy="-1500" rotation="0" length="100" width="7.8740157480315" flipped="False">
      <text name="pinname" originx="770" originy="-1500" style="Default" rotation="0" justify="right" flipped="False" hidden="False" data="16" />
      <text name="pindes" originx="860" originy="-1480" style="Default" rotation="0" justify="lowerleft" flipped="False" hidden="False" data="16" />
    </sympin>
    <sympin number="17" originx="800" originy="-1600" rotation="0" length="100" width="7.8740157480315" flipped="False">
      <text name="pinname" originx="770" originy="-1600" style="Default" rotation="0" justify="right" flipped="False" hidden="False" data="17" />
      <text name="pindes" originx="860" originy="-1580" style="Default" rotation="0" justify="lowerleft" flipped="False" hidden="False" data="17" />
    </sympin>
    <sympin number="18" originx="800" originy="-1700" rotation="0" length="100" width="7.8740157480315" flipped="False">
      <text name="pinname" originx="770" originy="-1700" style="Default" rotation="0" justify="right" flipped="False" hidden="False" data="18" />
      <text name="pindes" originx="860" originy="-1680" style="Default" rotation="0" justify="lowerleft" flipped="False" hidden="False" data="18" />
    </sympin>
    <sympin number="19" originx="800" originy="-1800" rotation="0" length="100" width="7.8740157480315" flipped="False">
      <text name="pinname" originx="770" originy="-1800" style="Default" rotation="0" justify="right" flipped="False" hidden="False" data="19" />
      <text name="pindes" originx="860" originy="-1780" style="Default" rotation="0" justify="lowerleft" flipped="False" hidden="False" data="19" />
    </sympin>
    <sympin number="20" originx="800" originy="-1900" rotation="0" length="100" width="7.8740157480315" flipped="False">
      <text name="pinname" originx="770" originy="-1900" style="Default" rotation="0" justify="right" flipped="False" hidden="False" data="20" />
      <text name="pindes" originx="860" originy="-1880" style="Default" rotation="0" justify="lowerleft" flipped="False" hidden="False" data="20" />
    </sympin>
    <sympin number="21" originx="800" originy="-2000" rotation="0" length="100" width="7.8740157480315" flipped="False">
      <text name="pinname" originx="770" originy="-2000" style="Default" rotation="0" justify="right" flipped="False" hidden="False" data="21" />
      <text name="pindes" originx="860" originy="-1980" style="Default" rotation="0" justify="lowerleft" flipped="False" hidden="False" data="21" />
    </sympin>
    <sympin number="22" originx="800" originy="-2100" rotation="0" length="100" width="7.8740157480315" flipped="False">
      <text name="pinname" originx="770" originy="-2100" style="Default" rotation="0" justify="right" flipped="False" hidden="False" data="22" />
      <text name="pindes" originx="860" originy="-2080" style="Default" rotation="0" justify="lowerleft" flipped="False" hidden="False" data="22" />
    </sympin>
    <sympin number="23" originx="800" originy="-2200" rotation="0" length="100" width="7.8740157480315" flipped="False">
      <text name="pinname" originx="770" originy="-2200" style="Default" rotation="0" justify="right" flipped="False" hidden="False" data="23" />
      <text name="pindes" originx="860" originy="-2180" style="Default" rotation="0" justify="lowerleft" flipped="False" hidden="False" data="23" />
    </sympin>
    <sympin number="24" originx="800" originy="-2300" rotation="0" length="100" width="7.8740157480315" flipped="False">
      <text name="pinname" originx="770" originy="-2300" style="Default" rotation="0" justify="right" flipped="False" hidden="False" data="24" />
      <text name="pindes" originx="860" originy="-2280" style="Default" rotation="0" justify="lowerleft" flipped="False" hidden="False" data="24" />
    </sympin>
    <sympin number="25" originx="800" originy="-2400" rotation="0" length="100" width="7.8740157480315" flipped="False">
      <text name="pinname" originx="770" originy="-2400" style="Default" rotation="0" justify="right" flipped="False" hidden="False" data="25" />
      <text name="pindes" originx="860" originy="-2380" style="Default" rotation="0" justify="lowerleft" flipped="False" hidden="False" data="25" />
    </sympin>
    <sympin number="26" originx="800" originy="-2500" rotation="0" length="100" width="7.8740157480315" flipped="False">
      <text name="pinname" originx="770" originy="-2500" style="Default" rotation="0" justify="right" flipped="False" hidden="False" data="26" />
      <text name="pindes" originx="860" originy="-2480" style="Default" rotation="0" justify="lowerleft" flipped="False" hidden="False" data="26" />
    </sympin>
    <sympin number="27" originx="800" originy="-2600" rotation="0" length="100" width="7.8740157480315" flipped="False">
      <text name="pinname" originx="770" originy="-2600" style="Default" rotation="0" justify="right" flipped="False" hidden="False" data="27" />
      <text name="pindes" originx="860" originy="-2580" style="Default" rotation="0" justify="lowerleft" flipped="False" hidden="False" data="27" />
    </sympin>
    <sympin number="28" originx="800" originy="-2700" rotation="0" length="100" width="7.8740157480315" flipped="False">
      <text name="pinname" originx="770" originy="-2700" style="Default" rotation="0" justify="right" flipped="False" hidden="False" data="28" />
      <text name="pindes" originx="860" originy="-2680" style="Default" rotation="0" justify="lowerleft" flipped="False" hidden="False" data="28" />
    </sympin>
    <sympin number="29" originx="800" originy="-2800" rotation="0" length="100" width="7.8740157480315" flipped="False">
      <text name="pinname" originx="770" originy="-2800" style="Default" rotation="0" justify="right" flipped="False" hidden="False" data="29" />
      <text name="pindes" originx="860" originy="-2780" style="Default" rotation="0" justify="lowerleft" flipped="False" hidden="False" data="29" />
    </sympin>
    <sympin number="30" originx="800" originy="-2900" rotation="0" length="100" width="7.8740157480315" flipped="False">
      <text name="pinname" originx="770" originy="-2900" style="Default" rotation="0" justify="right" flipped="False" hidden="False" data="30" />
      <text name="pindes" originx="860" originy="-2880" style="Default" rotation="0" justify="lowerleft" flipped="False" hidden="False" data="30" />
    </sympin>
    <sympin number="31" originx="200" originy="0" rotation="180" length="100" width="7.8740157480315" flipped="False">
      <text name="pinname" originx="230" originy="0" style="Default" rotation="0" justify="left" flipped="False" hidden="False" data="MP1" />
      <text name="pindes" originx="140" originy="20" style="Default" rotation="0" justify="lowerright" flipped="False" hidden="False" data="MP1" />
    </sympin>
    <sympin number="32" originx="200" originy="-100" rotation="180" length="100" width="7.8740157480315" flipped="False">
      <text name="pinname" originx="230" originy="-100" style="Default" rotation="0" justify="left" flipped="False" hidden="False" data="MP2" />
      <text name="pindes" originx="140" originy="-80" style="Default" rotation="0" justify="lowerright" flipped="False" hidden="False" data="MP2" />
    </sympin>
  </symbol>
  <component name="502790-3091" designatorprefix="J" height="106.29921259842" footprint="5027903091">
    <comppin designator="1" sympin="1" pinswap="0" gateswap="0" gate="1" group="1" side="" type="Any" name="1" />
    <comppin designator="2" sympin="2" pinswap="0" gateswap="0" gate="1" group="1" side="" type="Any" name="2" />
    <comppin designator="3" sympin="3" pinswap="0" gateswap="0" gate="1" group="1" side="" type="Any" name="3" />
    <comppin designator="4" sympin="4" pinswap="0" gateswap="0" gate="1" group="1" side="" type="Any" name="4" />
    <comppin designator="5" sympin="5" pinswap="0" gateswap="0" gate="1" group="1" side="" type="Any" name="5" />
    <comppin designator="6" sympin="6" pinswap="0" gateswap="0" gate="1" group="1" side="" type="Any" name="6" />
    <comppin designator="7" sympin="7" pinswap="0" gateswap="0" gate="1" group="1" side="" type="Any" name="7" />
    <comppin designator="8" sympin="8" pinswap="0" gateswap="0" gate="1" group="1" side="" type="Any" name="8" />
    <comppin designator="9" sympin="9" pinswap="0" gateswap="0" gate="1" group="1" side="" type="Any" name="9" />
    <comppin designator="10" sympin="10" pinswap="0" gateswap="0" gate="1" group="1" side="" type="Any" name="10" />
    <comppin designator="11" sympin="11" pinswap="0" gateswap="0" gate="1" group="1" side="" type="Any" name="11" />
    <comppin designator="12" sympin="12" pinswap="0" gateswap="0" gate="1" group="1" side="" type="Any" name="12" />
    <comppin designator="13" sympin="13" pinswap="0" gateswap="0" gate="1" group="1" side="" type="Any" name="13" />
    <comppin designator="14" sympin="14" pinswap="0" gateswap="0" gate="1" group="1" side="" type="Any" name="14" />
    <comppin designator="15" sympin="15" pinswap="0" gateswap="0" gate="1" group="1" side="" type="Any" name="15" />
    <comppin designator="16" sympin="16" pinswap="0" gateswap="0" gate="1" group="1" side="" type="Any" name="16" />
    <comppin designator="17" sympin="17" pinswap="0" gateswap="0" gate="1" group="1" side="" type="Any" name="17" />
    <comppin designator="18" sympin="18" pinswap="0" gateswap="0" gate="1" group="1" side="" type="Any" name="18" />
    <comppin designator="19" sympin="19" pinswap="0" gateswap="0" gate="1" group="1" side="" type="Any" name="19" />
    <comppin designator="20" sympin="20" pinswap="0" gateswap="0" gate="1" group="1" side="" type="Any" name="20" />
    <comppin designator="21" sympin="21" pinswap="0" gateswap="0" gate="1" group="1" side="" type="Any" name="21" />
    <comppin designator="22" sympin="22" pinswap="0" gateswap="0" gate="1" group="1" side="" type="Any" name="22" />
    <comppin designator="23" sympin="23" pinswap="0" gateswap="0" gate="1" group="1" side="" type="Any" name="23" />
    <comppin designator="24" sympin="24" pinswap="0" gateswap="0" gate="1" group="1" side="" type="Any" name="24" />
    <comppin designator="25" sympin="25" pinswap="0" gateswap="0" gate="1" group="1" side="" type="Any" name="25" />
    <comppin designator="26" sympin="26" pinswap="0" gateswap="0" gate="1" group="1" side="" type="Any" name="26" />
    <comppin designator="27" sympin="27" pinswap="0" gateswap="0" gate="1" group="1" side="" type="Any" name="27" />
    <comppin designator="28" sympin="28" pinswap="0" gateswap="0" gate="1" group="1" side="" type="Any" name="28" />
    <comppin designator="29" sympin="29" pinswap="0" gateswap="0" gate="1" group="1" side="" type="Any" name="29" />
    <comppin designator="30" sympin="30" pinswap="0" gateswap="0" gate="1" group="1" side="" type="Any" name="30" />
    <comppin designator="MP1" sympin="31" pinswap="0" gateswap="0" gate="1" group="1" side="" type="Any" name="MP1" />
    <comppin designator="MP2" sympin="32" pinswap="0" gateswap="0" gate="1" group="1" side="" type="Any" name="MP2" />
    <attached_symbol gate="1" name="502790-3091" />
    <pinmap designator="1" footprintpin="1" />
    <pinmap designator="2" footprintpin="2" />
    <pinmap designator="3" footprintpin="3" />
    <pinmap designator="4" footprintpin="4" />
    <pinmap designator="5" footprintpin="5" />
    <pinmap designator="6" footprintpin="6" />
    <pinmap designator="7" footprintpin="7" />
    <pinmap designator="8" footprintpin="8" />
    <pinmap designator="9" footprintpin="9" />
    <pinmap designator="10" footprintpin="10" />
    <pinmap designator="11" footprintpin="11" />
    <pinmap designator="12" footprintpin="12" />
    <pinmap designator="13" footprintpin="13" />
    <pinmap designator="14" footprintpin="14" />
    <pinmap designator="15" footprintpin="15" />
    <pinmap designator="16" footprintpin="16" />
    <pinmap designator="17" footprintpin="17" />
    <pinmap designator="18" footprintpin="18" />
    <pinmap designator="19" footprintpin="19" />
    <pinmap designator="20" footprintpin="20" />
    <pinmap designator="21" footprintpin="21" />
    <pinmap designator="22" footprintpin="22" />
    <pinmap designator="23" footprintpin="23" />
    <pinmap designator="24" footprintpin="24" />
    <pinmap designator="25" footprintpin="25" />
    <pinmap designator="26" footprintpin="26" />
    <pinmap designator="27" footprintpin="27" />
    <pinmap designator="28" footprintpin="28" />
    <pinmap designator="29" footprintpin="29" />
    <pinmap designator="30" footprintpin="30" />
    <pinmap designator="MP1" footprintpin="31" />
    <pinmap designator="MP2" footprintpin="32" />
    <text name="Datasheet" originx="0" originy="0" style="Default" rotation="0" justify="" flipped="False" hidden="True" data="https://componentsearchengine.com/Datasheets/2/502790-3091.pdf" />
    <text name="Description" originx="0" originy="0" style="Default" rotation="0" justify="" flipped="False" hidden="True" data="0.50mm Pitch Easy-On Front Flip FPC Connector, Surface Mount, ZIF, Double Bottom Contact, 2.50mm Height, Accepts FFC/FPC with Ear-tabs,  Circuits" />
    <text name="RS Part Number" originx="0" originy="0" style="Default" rotation="0" justify="" flipped="False" hidden="True" data="" />
    <text name="RS Price/Stock" originx="0" originy="0" style="Default" rotation="0" justify="" flipped="False" hidden="True" data="" />
    <text name="Manufacturer_Name" originx="0" originy="0" style="Default" rotation="0" justify="" flipped="False" hidden="True" data="Molex" />
    <text name="Manufacturer_Part_Number" originx="850" originy="200" style="Default" rotation="0" justify="left" flipped="False" hidden="False" data="502790-3091" />
    <text name="Allied_Number" originx="0" originy="0" style="Default" rotation="0" justify="" flipped="False" hidden="True" data="71463237" />
  </component>
</quadcept_library>
